<?xml version="1.0" encoding="UTF-8"?>
<project-private xmlns="http://www.netbeans.org/ns/project-private/1">
    <editor-bookmarks xmlns="http://www.netbeans.org/ns/editor-bookmarks/2" lastBookmarkId="0"/>
    <open-files xmlns="http://www.netbeans.org/ns/projectui-open-files/2">
        <group>
            <file>file:/J:/N/java/Aplicaciones/14-12.FileEncoderApplication.v1.0/libGeneral/src/com/hotmail/frojasg1/general/DateFunctions.java</file>
            <file>file:/J:/N/java/Aplicaciones/14-12.FileEncoderApplication.v1.0/libGeneral/src/com/hotmail/frojasg1/general/StringFunctions.java</file>
        </group>
    </open-files>
</project-private>
